{
    "stat": {
        "cpu_cycles_end": 1569813280086442,
        "ru_self_end": {
            "ru_nvcsw": 25,
            "ru_maxrss_kb": 76864,
            "ru_utime_sec": 0.132879,
            "ru_stime_sec": 0.10015499999999999,
            "ru_minflt": 26468,
            "ru_majflt": 0,
            "ru_nivcsw": 37
        },
        "ru_childs_end": {
            "ru_nvcsw": 18,
            "ru_maxrss_kb": 21752,
            "ru_utime_sec": 0.037534999999999999,
            "ru_stime_sec": 0.030537000000000002,
            "ru_minflt": 6895,
            "ru_majflt": 0,
            "ru_nivcsw": 8
        },
        "peak_mem_kb": 253708
    },
    "Modules": {
        "...MASTER...": {
            "nRouts": 5,
            "nQuads": 0,
            "start_perf": [
                0.49877095222473145,
                0.11060200000000001,
                0.091839000000000004,
                240820,
                253708,
                1723784264.279166,
                1569813196808392
            ],
            "child_modules": {
                "std": 1,
                "DFF_ML_tb": 1
            },
            "end_perf": [
                0.51064395904541016,
                0.114672,
                0.093912999999999996,
                242352,
                253708,
                1569813224072044,
                0,
                0
            ],
            "nMops": 0
        },
        "std": {
            "start_perf": [
                0.51085686683654785,
                0.114782,
                0.094002000000000002,
                242352,
                253708,
                1723784264.2912519,
                1569813224535306
            ],
            "nQuads": 218,
            "nRouts": 33,
            "Compiled": "Yes",
            "child_modules": {},
            "Compiled Times": 3,
            "end_perf": [
                0.51875495910644531,
                0.120709,
                0.095973000000000003,
                242368,
                253708,
                1569813242672113,
                8589934594,
                0
            ],
            "svclass": [
                "$vcs_nba_dyn_obj",
                0,
                37,
                2,
                2,
                0,
                "sigprop$$",
                0,
                37,
                2,
                2,
                0,
                "process",
                0,
                184,
                8,
                8,
                0,
                "event",
                0,
                36,
                2,
                2,
                0,
                "mailbox",
                0,
                107,
                9,
                9,
                0,
                "semaphore",
                0,
                71,
                5,
                5,
                0
            ],
            "nMops": 472
        },
        "DFF_ML_tb": {
            "nRouts": 41,
            "nQuads": 214,
            "Compiled": "Yes",
            "start_perf": [
                0.51885986328125,
                0.120768,
                0.096019999999999994,
                242368,
                253708,
                1723784264.2992549,
                1569813242880153
            ],
            "Compiled Times": 3,
            "child_modules": {},
            "end_perf": [
                0.52632999420166016,
                0.12645400000000001,
                0.097804000000000002,
                243304,
                253708,
                1569813260061907,
                21474836481,
                0
            ],
            "nMops": 283
        }
    },
    "CompUnits": {},
    "reusePaths": {
        "uSaTR_d": {
            "icPath": "csrc"
        },
        "amcQw_d": {
            "icPath": "csrc"
        },
        "reYIK_d": {
            "icPath": "csrc"
        }
    },
    "ObjArchives": [
        {
            "archive": "archive.2/_64787_archive_1.a",
            "objects": [
                [
                    "amcQwB.o",
                    97156
                ]
            ],
            "size": 97156
        }
    ]
}